	Learning rate	Test Accuracy
0	1e-05	0.823333334128062
1	0.0001	0.8666666674613953
2	0.001	0.8800000007947286
3	0.01	0.8366666674613953
