	Learning rate	Test Accuracy
0	0.0001	0.8895027624309392
1	0.001	0.8535911602209945
2	0.01	0.7900552482894772
