	Learning rate	Test Accuracy
0	1e-05	0.8480662983425414
1	0.0001	0.8701657458563536
2	0.001	0.8756906077348067
3	0.01	0.8259668501701144
